Genre,Count,Avg_IMDB_Rating,Max_IMDB_Rating,Top_Series_Title
"Action, Adventure",5,8.18,8.4,The Dark Knight Rises
"Action, Adventure, Biography",1,7.9,7.9,"Aguirre, der Zorn Gottes"
"Action, Adventure, Comedy",10,7.909999999999999,8.2,Sholay
"Action, Adventure, Crime",1,7.6,7.6,Celda 211
"Action, Adventure, Drama",14,8.15,8.9,The Lord of the Rings: The Return of the King
"Action, Adventure, Family",1,7.6,7.6,Harry Potter and the Half-Blood Prince
"Action, Adventure, Fantasy",6,8.200000000000001,8.7,Star Wars: Episode V - The Empire Strikes Back
"Action, Adventure, History",1,7.9,7.9,Ying xiong
"Action, Adventure, Horror",1,7.9,7.9,Dawn of the Dead
"Action, Adventure, Mystery",1,7.6,7.6,Sherlock Holmes
"Action, Adventure, Romance",1,7.9,7.9,The Adventures of Robin Hood
"Action, Adventure, Sci-Fi",21,7.928571428571429,8.8,Inception
"Action, Adventure, Thriller",5,7.74,8.0,Casino Royale
"Action, Adventure, War",2,7.7,7.7,Where Eagles Dare
"Action, Adventure, Western",2,7.800000000000001,7.9,The Wild Bunch
"Action, Biography, Crime",3,7.866666666666666,8.2,Paan Singh Tomar
"Action, Biography, Drama",7,7.942857142857143,8.4,Dangal
"Action, Comedy, Crime",6,8.016666666666666,8.2,Gangs of Wasseypur
"Action, Comedy, Fantasy",3,7.766666666666667,7.8,Evil Dead II
"Action, Comedy, Mystery",1,7.8,7.8,Hot Fuzz
"Action, Comedy, Romance",2,8.2,8.2,Andaz Apna Apna
"Action, Crime, Comedy",1,8.0,8.0,Knockin' on Heaven's Door
"Action, Crime, Drama",30,7.88,9.0,The Dark Knight
"Action, Crime, Mystery",1,7.6,7.6,Minority Report
"Action, Crime, Thriller",10,7.8,8.0,Baby
"Action, Drama",5,7.9399999999999995,8.2,K.G.F: Chapter 1
"Action, Drama, History",3,7.766666666666667,7.8,Dunkirk
"Action, Drama, Mystery",5,8.08,8.6,Seppuku
"Action, Drama, Sci-Fi",2,8.149999999999999,8.2,V for Vendetta
"Action, Drama, Sport",1,8.2,8.2,Warrior
"Action, Drama, Thriller",4,7.949999999999999,8.2,Yôjinbô
"Action, Drama, War",3,8.166666666666666,8.2,Uri: The Surgical Strike
"Action, Drama, Western",2,8.0,8.0,Per un pugno di dollari
"Action, Mystery, Thriller",3,7.866666666666667,8.0,The Bourne Ultimatum
"Action, Sci-Fi",3,8.4,8.7,The Matrix
"Action, Sci-Fi, Thriller",2,8.0,8.1,Blade Runner
"Action, Thriller",3,7.866666666666666,8.2,Die Hard
"Adventure, Biography, Crime",1,7.8,7.8,Captain Phillips
"Adventure, Biography, Drama",6,7.983333333333333,8.3,Lawrence of Arabia
"Adventure, Comedy, Crime",2,7.9,8.1,The Grand Budapest Hotel
"Adventure, Comedy, Drama",8,7.85,8.2,Queen
"Adventure, Comedy, Family",3,7.733333333333333,7.8,Paddington 2
"Adventure, Comedy, Fantasy",2,7.8999999999999995,8.2,Monty Python and the Holy Grail
"Adventure, Comedy, Film-Noir",1,7.8,7.8,To Have and Have Not
"Adventure, Comedy, Sci-Fi",3,8.1,8.5,Back to the Future
"Adventure, Comedy, War",1,7.6,7.6,Kelly's Heroes
"Adventure, Drama",4,8.05,8.1,Stand by Me
"Adventure, Drama, Fantasy",6,7.8999999999999995,8.1,Harry Potter and the Deathly Hallows: Part 2
"Adventure, Drama, History",4,8.0,8.2,The Great Escape
"Adventure, Drama, Musical",1,8.1,8.1,Lagaan: Once Upon a Time in India
"Adventure, Drama, Romance",2,7.75,7.8,Cast Away
"Adventure, Drama, Sci-Fi",3,8.166666666666666,8.6,Interstellar
"Adventure, Drama, Thriller",4,8.025,8.3,Das Boot
"Adventure, Drama, War",2,8.2,8.3,Inglourious Basterds
"Adventure, Drama, Western",4,7.975,8.2,The Treasure of the Sierra Madre
"Adventure, Family, Fantasy",7,7.785714285714286,8.0,The Princess Bride
"Adventure, Fantasy",2,7.8,7.8,The Hobbit: The Desolation of Smaug
"Adventure, History, War",1,7.8,7.8,The Man Who Would Be King
"Adventure, Horror, Sci-Fi",1,7.9,7.9,King Kong
"Adventure, Mystery, Thriller",1,8.3,8.3,North by Northwest
"Adventure, Sci-Fi",2,8.15,8.3,2001: A Space Odyssey
"Adventure, Thriller",1,8.0,8.0,Jaws
"Animation, Action, Adventure",11,7.954545454545454,8.4,Spider-Man: Into the Spider-Verse
"Animation, Action, Crime",3,7.8999999999999995,8.0,Kôkaku Kidôtai
"Animation, Action, Drama",1,8.1,8.1,"Shin seiki Evangelion Gekijô-ban: Air/Magokoro wo, kimi ni"
"Animation, Action, Fantasy",1,7.7,7.7,Vampire Hunter D: Bloodlust
"Animation, Action, Sci-Fi",1,8.0,8.0,Akira
"Animation, Adventure, Comedy",24,7.925,8.3,Toy Story
"Animation, Adventure, Drama",7,7.957142857142857,8.5,The Lion King
"Animation, Adventure, Family",9,7.966666666666667,8.6,Sen to Chihiro no kamikakushi
"Animation, Adventure, Fantasy",1,8.1,8.1,Kaze no tani no Naushika
"Animation, Biography, Crime",1,7.8,7.8,Loving Vincent
"Animation, Biography, Drama",2,7.9,8.0,Persepolis
"Animation, Comedy, Crime",1,7.6,7.6,Despicable Me
"Animation, Comedy, Drama",2,7.949999999999999,8.1,Mary and Max
"Animation, Comedy, Fantasy",1,7.7,7.7,"South Park: Bigger, Longer & Uncut"
"Animation, Crime, Mystery",1,8.0,8.0,Pâfekuto burû
"Animation, Drama, Family",4,7.85,8.1,Koe no katachi
"Animation, Drama, Fantasy",4,8.0,8.4,Kimi no na wa.
"Animation, Drama, Romance",1,7.6,7.6,Omohide poro poro
"Animation, Drama, War",1,8.5,8.5,Hotaru no haka
"Animation, Family, Fantasy",5,7.9,8.2,Tonari no Totoro
"Animation, Sci-Fi",1,7.8,7.8,La planète sauvage
"Biography, Comedy, Drama",7,7.914285714285714,8.5,The Intouchables
"Biography, Crime, Drama",16,7.925,8.7,Goodfellas
"Biography, Drama",12,7.983333333333333,8.2,A Beautiful Mind
"Biography, Drama, Family",4,7.875,8.1,Hachi: A Dog's Tale
"Biography, Drama, History",28,8.02142857142857,8.9,Schindler's List
"Biography, Drama, Music",7,7.857142857142857,8.5,The Pianist
"Biography, Drama, Romance",1,7.7,7.7,The Theory of Everything
"Biography, Drama, Sport",9,7.822222222222221,8.2,Bhaag Milkha Bhaag
"Biography, Drama, Thriller",3,7.833333333333333,8.0,The Imitation Game
"Biography, Drama, War",1,7.9,7.9,Patton
Comedy,13,7.823076923076924,8.4,Dr. Strangelove or: How I Learned to Stop Worrying and Love the Bomb
"Comedy, Crime",6,7.8,8.3,Snatch
"Comedy, Crime, Drama",15,7.926666666666666,8.3,The Sting
"Comedy, Crime, Mystery",1,8.0,8.0,The Thin Man
"Comedy, Crime, Romance",1,8.1,8.1,"Crna macka, beli macor"
"Comedy, Crime, Sport",1,8.1,8.1,The Big Lebowski
"Comedy, Crime, Thriller",1,8.0,8.0,Arsenic and Old Lace
"Comedy, Drama",35,7.871428571428571,8.4,3 Idiots
"Comedy, Drama, Family",7,7.985714285714286,8.5,Modern Times
"Comedy, Drama, Fantasy",4,7.875,8.1,OMG: Oh My God!
"Comedy, Drama, Music",3,7.866666666666667,8.0,La La Land
"Comedy, Drama, Musical",3,8.066666666666666,8.1,PK
"Comedy, Drama, Romance",31,7.877419354838709,8.6,La vita è bella
"Comedy, Drama, Thriller",3,8.133333333333333,8.6,Gisaengchung
"Comedy, Drama, War",5,8.059999999999999,8.4,The Great Dictator
"Comedy, Family",2,7.75,7.9,A Christmas Story
"Comedy, Family, Fantasy",1,7.8,7.8,Mary Poppins
"Comedy, Family, Romance",1,7.8,7.8,Bringing Up Baby
"Comedy, Fantasy, Romance",3,7.8,8.0,Groundhog Day
"Comedy, Horror",2,7.800000000000001,7.9,Shaun of the Dead
"Comedy, Music",1,7.9,7.9,This Is Spinal Tap
"Comedy, Music, Musical",2,7.75,7.9,A Night at the Opera
"Comedy, Music, Romance",1,8.2,8.2,Some Like It Hot
"Comedy, Musical, Romance",1,8.3,8.3,Singin' in the Rain
"Comedy, Musical, War",1,7.8,7.8,Duck Soup
"Comedy, Mystery, Romance",1,7.9,7.9,Charade
"Comedy, Romance",7,8.028571428571428,8.3,Amélie
"Comedy, War",2,7.949999999999999,8.2,To Be or Not to Be
"Comedy, Western",1,7.7,7.7,Blazing Saddles
"Crime, Drama",26,8.157692307692308,9.2,The Godfather
"Crime, Drama, Fantasy",3,8.066666666666666,8.6,The Green Mile
"Crime, Drama, Film-Noir",5,8.059999999999999,8.3,Double Indemnity
"Crime, Drama, History",1,7.8,7.8,Mississippi Burning
"Crime, Drama, Horror",1,8.0,8.0,Les diaboliques
"Crime, Drama, Music",1,8.3,8.3,Andhadhun
"Crime, Drama, Musical",1,8.0,8.0,Dancer in the Dark
"Crime, Drama, Mystery",27,7.966666666666667,8.6,Se7en
"Crime, Drama, Romance",5,7.82,8.0,Bin-jip
"Crime, Drama, Sci-Fi",1,8.3,8.3,A Clockwork Orange
"Crime, Drama, Thriller",28,7.946428571428571,8.6,The Silence of the Lambs
"Crime, Film-Noir, Mystery",1,7.9,7.9,The Big Sleep
"Crime, Film-Noir, Thriller",1,7.9,7.9,Strangers on a Train
"Crime, Mystery, Thriller",3,8.133333333333333,8.5,The Usual Suspects
"Crime, Thriller",3,7.966666666666666,8.2,Dial M for Murder
Drama,85,7.975294117647058,9.3,The Shawshank Redemption
"Drama, Family",3,8.233333333333334,8.4,Taare Zameen Par
"Drama, Family, Fantasy",2,8.15,8.6,It's a Wonderful Life
"Drama, Family, Musical",3,7.866666666666667,8.0,Fiddler on the Roof
"Drama, Family, Sport",2,8.25,8.3,Bacheha-Ye aseman
"Drama, Fantasy",1,8.1,8.1,El ángel exterminador
"Drama, Fantasy, History",1,8.2,8.2,Det sjunde inseglet
"Drama, Fantasy, Horror",1,8.3,8.3,Tumbbad
"Drama, Fantasy, Music",2,7.949999999999999,8.1,Pink Floyd: The Wall
"Drama, Fantasy, Mystery",2,7.75,7.9,The Man from Earth
"Drama, Fantasy, Romance",4,7.875,8.0,Der Himmel über Berlin
"Drama, Fantasy, War",1,8.2,8.2,Pan's Labyrinth
"Drama, Film-Noir",4,8.1,8.4,Sunset Blvd.
"Drama, Film-Noir, Mystery",2,8.0,8.0,In a Lonely Place
"Drama, Film-Noir, Romance",2,7.800000000000001,7.9,Notorious
"Drama, History",3,8.033333333333333,8.1,Kumonosu-jô
"Drama, History, Music",1,7.7,7.7,Joyeux Noël
"Drama, History, Mystery",1,7.8,7.8,Das weiße Band - Eine deutsche Kindergeschichte
"Drama, History, Romance",2,8.1,8.1,Dà hóng denglong gaogao guà
"Drama, History, Thriller",4,7.85,8.0,JFK
"Drama, History, War",6,7.766666666666667,8.0,Kagemusha
"Drama, Horror",4,8.0,8.4,The Shining
"Drama, Horror, Mystery",1,7.7,7.7,The Birds
"Drama, Horror, Sci-Fi",4,7.725,7.8,Bride of Frankenstein
"Drama, Horror, Thriller",4,7.775,8.1,What Ever Happened to Baby Jane?
"Drama, Music",6,8.033333333333333,8.5,Whiplash
"Drama, Music, Musical",3,7.8,7.9,All That Jazz
"Drama, Music, Mystery",1,7.9,7.9,Trois couleurs: Bleu
"Drama, Music, Romance",7,7.914285714285714,8.1,La leggenda del pianista sull'oceano
"Drama, Musical",1,8.4,8.4,Anand
"Drama, Mystery",4,8.0,8.3,Citizen Kane
"Drama, Mystery, Romance",6,7.949999999999999,8.2,El secreto de sus ojos
"Drama, Mystery, Sci-Fi",5,8.040000000000001,8.5,The Prestige
"Drama, Mystery, Thriller",9,7.922222222222222,8.4,The Lives of Others
"Drama, Mystery, War",2,8.350000000000001,8.4,Apocalypse Now
"Drama, Romance",37,7.935135135135136,8.8,Forrest Gump
"Drama, Romance, Sci-Fi",2,8.15,8.3,Eternal Sunshine of the Spotless Mind
"Drama, Romance, Thriller",2,7.85,8.1,Ah-ga-ssi
"Drama, Romance, War",4,8.025,8.5,Casablanca
"Drama, Sci-Fi",6,7.933333333333334,8.3,Metropolis
"Drama, Sci-Fi, Thriller",4,7.7,7.8,Gattaca
"Drama, Sport",6,7.8999999999999995,8.1,Million Dollar Baby
"Drama, Thriller",14,7.857142857142857,8.1,Pink
"Drama, Thriller, War",3,8.1,8.3,1917
"Drama, Thriller, Western",1,7.9,7.9,High Noon
"Drama, War",15,8.073333333333332,8.6,Saving Private Ryan
"Drama, War, Western",1,7.6,7.6,Giù la testa
"Drama, Western",5,7.9799999999999995,8.4,Django Unchained
"Family, Fantasy, Musical",1,7.8,7.8,Willy Wonka & the Chocolate Factory
"Family, Sci-Fi",1,7.8,7.8,E.T. the Extra-Terrestrial
"Fantasy, Horror",1,7.9,7.9,Nosferatu
"Fantasy, Horror, Mystery",1,8.1,8.1,Das Cabinet des Dr. Caligari
"Film-Noir, Mystery",1,8.0,8.0,The Maltese Falcon
"Film-Noir, Mystery, Thriller",1,8.1,8.1,The Third Man
"Film-Noir, Thriller",1,7.8,7.8,Shadow of a Doubt
Horror,2,7.9,8.0,The Exorcist
"Horror, Mystery, Sci-Fi",1,8.1,8.1,The Thing
"Horror, Mystery, Thriller",4,7.85,8.5,Psycho
"Horror, Sci-Fi",2,8.05,8.4,Alien
"Horror, Thriller",2,7.800000000000001,7.9,Night of the Living Dead
"Mystery, Romance, Thriller",1,8.3,8.3,Vertigo
"Mystery, Sci-Fi, Thriller",2,7.8,8.0,Twelve Monkeys
"Mystery, Thriller",9,7.977777777777778,8.4,Memento
Thriller,1,7.8,7.8,Wait Until Dark
Western,4,8.35,8.8,"Il buono, il brutto, il cattivo"
